Organizations Count,Followers,Repositories Count,Projects Count,Stars,Forks,Languages Count,Repositories for 3 Languages,Registered Days,Contributions,Level
0.03,0.19376702595368453,0.9704790814248732,0.0,0.07358929229131254,0.07514989681815094,0.1475409836065573,0.7645815885360069,0.7159784025416808,0.0,3
0.08,0.9511850271612993,0.9717486501705253,0.0,0.11292925683872646,0.3169519499351592,0.1475409836065573,0.8944052634103425,0.18393100046138772,0.0,3
0.69,0.6390379821781802,0.9360195088846525,0.0,0.08012834089310567,0.053758514799429835,0.1475409836065573,0.9744310970162793,0.2019122831585894,0.0,3
0.27,1.0,0.2333333333333333,0.0,0.35,0.0627732399333375,0.17182523830897434,0.6755803344067044,0.1683231127088179,0.10356900206747721,3
0.44,0.9915618441030744,1.0,0.0,0.10006583094535983,0.04442034843550369,0.1475409836065573,1.0,0.46346870708879456,0.0419938983435851,3
0.0,0.4610096692236352,0.8919542996574656,0.0,0.35,0.2515225333708677,0.1475409836065573,0.8015629343827313,0.7158883710018048,0.0,3
0.11,0.30313652409910036,1.0,0.0,0.0,0.004954269576687265,0.2433367815943295,0.8709600946944249,0.6562675657433722,0.0,3
0.0,0.3164154542965971,0.5482048468898167,0.0,0.2312800235999655,0.028058710768736506,0.1475409836065573,0.36018468358387873,0.6891743003885141,0.015514735537570611,3
0.16,0.34132280027324025,0.9558555545517999,0.0,0.06960916517600804,0.06640767428291477,0.4227242112916032,0.5258415604047418,0.9532815188470585,0.10113087368284149,3
0.07,0.41141916302891873,1.0,0.0,0.35,0.7192149505166336,0.1475409836065573,0.4792599179082565,0.7330663112524578,0.0,3
0.0,0.5427790072953191,0.8514916679836643,0.0,0.12778501009995077,0.314459900349497,0.17467527028594226,0.739595322903936,0.8640271586270232,0.009847465439976763,3
0.08,0.12036963142046972,0.8658489356924048,0.0,0.11708728375327643,0.0,0.1475409836065573,0.9033360423609533,0.18835274475019292,0.12933906902873768,3
0.34,0.8942745258731226,1.0,0.0,0.0,0.014786572494909084,0.19785131590578428,0.6034545381817149,0.1683231127088179,0.0,3
0.07,1.0,0.8227754238280848,0.0,0.3437601300109103,0.0,0.1946031136024843,0.1851851851851851,0.1683231127088179,0.05673261616598274,3
0.07,0.2907066601135779,0.4618395473308806,0.0,0.08385025590738497,0.15676712875918425,0.1475409836065573,0.8451548782549796,0.7975157348506513,0.0,3
0.0,0.017112856536060872,0.2333333333333333,0.0,0.35,0.3285776720464746,0.1475409836065573,0.3983777054253209,0.2033659984547172,0.0,3
0.0,0.9299638683245289,0.841355075465518,0.0,0.030329992047851737,0.13314541181737133,0.26937044360166357,1.0,0.41719680004377657,0.05033810744230964,3
0.11,0.7360745462235547,0.37083387199147133,0.0,0.0,0.0710438595472278,0.3402980953286902,0.7304796112965537,0.59132323043303,0.0,3
0.75,0.5842712058561426,0.4217249298122001,0.0,0.031370328222694185,0.7063248273741798,0.16338246470579515,1.0,0.7707111673514063,0.0,3
0.13,0.7321532511509385,0.7933833004600899,0.0,0.35,0.4832441252782046,0.3231647275645867,0.8293970705140975,0.3185222969711262,0.0,3
0.02,0.28957635593770986,0.6618393076488049,0.0,0.0,0.0,0.1475409836065573,0.7996338228764752,0.5706548867878972,0.14003130661108304,3
0.75,0.1716728918723756,0.8051979640047335,0.0,0.0,0.14001182709981286,0.1778258227424348,0.887788915118978,0.2418550828237071,0.024254859263451937,3
0.01,0.44436230624376605,0.9307881969646044,0.0,0.06490369087845707,0.0,0.1475409836065573,1.0,0.2537924506556221,0.01720978329936904,3
0.73,0.3652574708474876,0.854102906292946,0.0,0.16509181613379342,0.027400083282003586,0.1475409836065573,0.5339143592603547,0.21653019951701652,0.0030983017545846217,3
0.0,0.33736254202652727,0.8982452236058163,0.0,0.011151078979701204,0.0,0.18823576521759158,0.5061549976430209,0.27134838118467475,0.0,3
0.09,0.9227994737453366,0.9685255832208827,0.0,0.17821507516289023,0.20101088448878457,0.1475409836065573,1.0,1.0,0.0,3
0.07,0.4547822504440798,0.6405298803724537,0.0,0.0,0.5819104078969473,0.3163371168246334,0.70939549146652,0.5786009017286066,0.004948052502680045,3
0.3,0.2591670114426228,0.6370711383266995,0.0,0.0,0.0,0.255257454224983,0.6054457217540558,0.1683231127088179,0.0,3
0.0,1.0,0.8672832627305133,0.0,0.1747372698518149,0.0188421603423313,0.1475409836065573,0.920395438177389,0.3522434454215969,0.0,3
0.07,0.5453955037748635,0.739033124261967,0.0,0.232983446336653,0.0,0.44061285853379517,0.684461709845661,0.7694483861364714,0.0,3
0.0,0.6838501485552038,1.0,0.0,0.0,0.0,0.284221083136307,0.5437825759414261,0.1683231127088179,0.0661721472093946,3
0.69,1.0,0.9703654637707868,0.0,0.0,0.0924955527252235,0.2387546301145227,0.9979469118553834,0.301842277024281,0.2813713540616505,3
0.62,0.8521460974705212,0.9607300885180319,0.0,0.0,0.0,0.23870275615929784,0.6802919584799766,0.44647075236021366,0.016521782657110004,3
0.24,0.29222098444798245,1.0,0.0,0.0,0.07178202878615256,0.22556067461060747,0.6232274626281997,0.3551261092614616,0.20882031459604888,3
0.72,1.0,1.0,0.0,0.0,0.0,1.0,0.8168824640490631,0.8998583413119794,0.11521186731322691,3
0.46,0.32123574218937967,1.0,0.0,0.21053702992466172,0.8653064452353192,0.23704456781979188,0.5344992723226981,0.587971386257049,0.08070214113856111,3
0.22,0.23832119891303316,1.0,0.0,0.06432540557561456,0.0,0.18206281843152108,0.5295320598429067,0.5753026668750552,0.07172563826308515,3
0.02,1.0,0.969158090022325,0.0,0.08085623501286132,0.0,0.4124295303021382,0.336501790150022,0.43775761238965405,0.0,3
0.36,1.0,0.7617999335777775,0.0,0.12175349961083382,0.0,0.28450385726272837,1.0,0.31566856214579736,0.07504627093775891,3
0.08,1.0,0.9315109931802042,0.0,0.26399271498348,0.18559779632631368,0.20936001449314234,0.1851851851851851,0.4025692148279442,0.01034734970922735,3
0.25,0.931276998627358,0.8858823960286606,0.0,0.0,0.025896392464904494,0.23054352904406172,0.7278217562782998,0.1683231127088179,0.15150842809985324,3
0.28,0.7614810487837049,0.944202374258599,0.0,0.10047796321150115,0.0,0.1475409836065573,0.3976997901560228,0.18974193205679296,0.0,3
0.05,0.4775994859378456,0.9148199831597638,0.0,0.0,0.0,0.1475409836065573,0.7220494520302891,0.4342145449069662,0.0781237218817187,3
0.0,0.6512382342879739,0.28433995562063163,0.0,0.01958303699157958,0.0,0.20530499975189564,0.6837141496155327,0.2902959808660785,0.06569663534105427,3
0.0,1.0,1.0,0.0,0.038141760304965605,0.5338584385690575,0.21944789119469826,1.0,0.9900051060474429,0.0,3
0.01,0.9984954480713875,0.7526031981735444,0.0,0.02783062314763872,0.02425527660030241,0.1598663158211008,0.8922264774149469,0.5870350162319292,0.18365414507733813,3
0.66,1.0,0.9828700520208282,0.0,0.07754218119067449,0.0,0.4253995907742397,0.7879643001233951,0.5922348789477389,0.0,3
0.0,1.0,0.703969285816215,0.0,0.10313167958560597,0.06461922533350627,0.21887359549857485,0.757261217741594,0.33158450968459263,0.0,3
0.0,1.0,0.8272039014451624,0.0,0.0,0.22055160010958902,0.1747024466343686,0.9087137731218864,0.3246154609630357,0.003500768723979329,3
0.0,0.42803655301514554,0.9781935568735489,0.0,0.0,0.0,0.1475409836065573,0.9524664677293793,0.4243647454349777,0.17382598058823007,3
0.22,0.606428702408196,1.0,0.0,0.18393492008261264,0.3271278563591435,0.1475409836065573,0.6331344133823537,0.4447393417918454,0.0,3
0.55,0.3227087713141369,0.815276529479833,0.0,0.0,0.0,0.1475409836065573,1.0,0.1844111600565395,0.0036787294278322127,3
0.13,0.6438296145715464,0.6096048079114543,0.0,0.11072853529031682,0.44004440514766285,0.3605580560641455,1.0,0.21489349980186734,0.0,3
0.37,0.42457809538177443,1.0,0.0,0.24560732518574063,0.02551363167324444,0.23210774972541015,0.5650341947260478,0.8775569407389667,0.08126491064049923,3
0.0,0.5265353150142043,0.8906563749402496,0.0,0.0,0.2600327265219362,0.1475409836065573,1.0,0.1683231127088179,0.06632989147365437,3
0.0,0.346726302864529,1.0,0.0,0.0005321699582040984,0.07409206286731966,0.1998805072041439,0.6305465242103007,0.7172965211610965,0.02819670647784097,3
0.03,1.0,0.7714749928659713,0.0,0.0,0.0,0.434725514872743,1.0,0.6079728671588447,0.0551147880935578,3
0.0,0.23421569997785638,1.0,0.0,0.14107815195516565,0.0,0.27295271022499457,1.0,1.0,0.012619972157417739,3
0.72,0.7999122586114833,1.0,0.0,0.0,0.0,0.1475409836065573,1.0,0.5954106849643885,0.05856224763269634,3
0.14,0.9729834775653703,0.9854732387331687,0.0,0.04749077047289942,0.0,0.6068065482699039,0.5694981081286485,0.7064696371137047,0.0176514419329716,3
0.1,0.2722027507332557,0.9924456438225637,0.0,0.0,0.18105315814989403,0.1475409836065573,0.8808177959619024,0.24435815352645807,0.0,3
0.04,0.4789372131109254,0.2333333333333333,0.0,0.04551827772322478,0.035265637933560384,0.1475409836065573,0.8377187320188622,0.1683231127088179,0.10136155890935575,3
0.04,1.0,0.8622187983422056,0.0,0.05148603744823633,0.0,0.1475409836065573,0.6818380997141553,0.6722579815809795,0.06028530256693756,3
0.25,0.716705477939254,1.0,0.0,0.0,0.0,0.34769018614999225,0.9836458980260963,0.2774850291823477,0.07076188906021846,3
0.0,1.0,0.9376210569212116,0.0,0.2571122011601451,0.0,0.1475409836065573,0.7122649382981331,0.1683231127088179,0.0,3
0.09,1.0,1.0,0.0,0.0,0.27071729584919835,0.1475409836065573,0.26954749165829506,0.25569054560399046,0.0,3
0.05,0.33469426331856317,1.0,0.0,0.12833666774302782,0.6768213838155412,0.1475409836065573,1.0,0.4195505592867849,0.0,3
0.12,0.14510143893650534,0.974107889898662,0.0,0.17511836645201778,0.0,0.1475409836065573,0.8016143273836831,0.574683576001663,0.0,3
0.5,0.7995090141763166,0.9001200929983757,0.0,0.06914885736940021,0.0,0.1475409836065573,0.3455804074085656,0.2352142582027288,0.0,3
0.0,1.0,1.0,0.0,0.2771261617626135,0.25437326016774237,0.24668133150698757,0.46371197561743993,0.2649903577165186,0.008822857538619583,3
0.11,0.8484864823124826,0.9273056966324951,0.0,0.08003203733567456,0.0,0.6091266683954024,0.510838028222581,0.5444042984449409,0.2638855250501194,3
0.5,1.0,1.0,0.0,0.0,0.0,0.216098581379639,1.0,0.7992421429486776,0.0,3
0.75,0.5381146307281786,1.0,0.0,0.01353279579884517,0.2713771893011187,0.1475409836065573,0.8059796262941978,0.6655539345247486,0.03503939586248629,3
0.0,1.0,0.9582452987499495,0.0,0.22008089611622614,0.0,0.1475409836065573,0.7537726803468173,0.19296949489837634,0.0,3
0.52,0.40943998085453726,0.8237751479364057,0.0,0.0,0.0,0.2193350006792591,0.9929764744776177,0.48261805368457217,0.0,3
0.1,0.004458395075022992,0.8293042051429216,0.0,0.10316930047849136,0.4368717327176428,0.584309884417876,0.8020192333796934,0.30405091292225167,0.0,3
0.01,1.0,1.0,0.0,0.1494976507547126,0.0,0.15861606009832332,0.647021485083595,0.1683231127088179,0.07038312869437911,3
0.0,1.0,1.0,0.0,0.2139347766611286,0.8509559812721974,0.495492979515327,0.5183299234785558,0.2795884193089372,0.0,3
0.58,0.8901357217725356,0.7849982086986217,0.0,0.0873068689585405,0.0032546555884881423,0.3609446589295479,1.0,0.35683749702218204,0.322070977151191,3
0.68,0.9155095673332164,1.0,0.0,0.0,0.1275921092546591,0.2046382362159185,0.7337286655215607,0.5037274961305149,0.08591532538948012,3
0.28,0.4699417860158315,0.557778970704227,0.0,0.0,0.0,0.5428416506226498,0.6665139492984873,0.37984989469775565,0.0,3
0.42,1.0,0.9806720890392662,0.0,0.015049591327080405,0.2366435419234006,0.1519222362943977,0.9019295632754651,0.3969046604267321,0.0,3
0.36,1.0,0.9991169947749923,0.0,0.07130813198027913,0.46081911602870546,0.362473499166539,1.0,0.23349651071227134,0.019906093877895034,3
0.04,0.20306326521260182,0.9953643859237862,0.0,0.13978090533996052,0.6685155303769569,0.1475409836065573,0.9010927969123159,0.5704988726480524,0.1290649168722749,3
0.59,0.3446426386926862,0.8968316733102608,0.0,0.12984333351600832,0.08683465483774634,0.3294905278391333,1.0,0.25455435144863986,0.03343891166052369,3
0.0,0.9270367055805532,0.9327034979655207,0.0,0.0609705588681606,0.0,0.18464832556825478,1.0,0.2816383980467589,0.01359615761132986,3
0.06,0.0,0.9002514867725667,0.0,0.12532395158614237,0.15926589101187621,0.1475409836065573,0.9589173931945034,0.1683231127088179,0.0178984346756944,3
0.03,1.0,0.7855931395605902,0.0,0.08242629874835677,0.15231515722798517,0.4666982912154529,0.6084367648879956,0.1683231127088179,0.06997889480123486,3
0.48,0.2755972304941102,1.0,0.0,0.0,0.5951217719889433,0.1475409836065573,0.7936432267285676,0.8234809860662371,0.0,3
0.13,0.4707919697452297,0.2333333333333333,0.0,0.07522656231334046,0.17211594350731171,0.2997109012253706,0.6817898257190055,0.30788924249163674,0.0,3
0.3,0.5376351098832662,0.37000893448104094,0.0,0.026594271053525853,0.0,0.16636351075111835,1.0,0.2784081206863853,0.07475450106342559,3
0.75,1.0,0.2333333333333333,0.0,0.011271927217644515,0.016219311445984763,0.37345490384874824,0.8624461843464395,0.9380150393182456,0.0,3
0.38,1.0,0.7211700653229138,0.0,0.0,0.0,0.6219552699567098,0.570475987042363,0.2735066045908269,0.06344077381405847,3
0.07,0.4893023636674456,0.942191062464518,0.0,0.0,0.0,0.5246440946955696,0.505418584770113,0.5715660378428009,0.0,3
0.02,0.7905705111173328,0.7518651168703269,0.0,0.35,0.0,0.33912871248068377,0.8354263526022819,0.3674798067181182,0.0,3
0.08,0.6850922653090749,1.0,0.0,0.15558605895786284,0.13743592940911586,0.31888979635145787,0.8969351236719801,0.26553995728758045,0.13028241247003652,3
0.13,0.18364296801802307,1.0,0.0,0.0,0.27677368154141796,0.1475409836065573,0.9585429584732832,0.6186220342462961,0.08439772015440769,3
0.0,0.36911694078590873,0.7954647753538464,0.0,0.09581427818179128,0.0516660480664527,0.37565625093791555,0.8849610165251474,0.7241979783647768,0.021694308079514193,3
0.01,0.3193817102031304,1.0,0.0,0.08622132101823629,0.04356525431199083,0.1475409836065573,0.8930595215077972,0.4568488359676208,0.0,3
0.06,0.9275844553051956,1.0,0.0,0.24993636501917443,0.14513342373096344,0.1475409836065573,0.5087598540301499,0.470144225845168,0.0,3
0.03,0.6711118144706691,0.9691491690281364,0.0,0.0,0.0,0.3684799818375503,0.6467962492242789,0.1683231127088179,0.0,3
0.47,0.9288503626790737,1.0,0.0,0.2792853074961991,0.5921640082873133,0.1475409836065573,0.6704365290809228,0.29472062064159327,0.017880464172427446,3
0.0,1.0,1.0,0.0,0.0,0.16876408023530037,0.1475409836065573,0.1851851851851851,0.8206896334679636,0.006494799175824781,3
0.19,0.9125953431711615,1.0,0.0,0.0,0.7965820633999989,0.16680293057127796,0.5900513166953534,0.5932092700095568,0.013170322985092436,3
0.04,1.0,0.7650979752287227,0.0,0.32284672189065355,0.39773081130761645,0.1475409836065573,1.0,0.1683231127088179,0.0,3
0.12,1.0,0.4685337334542058,0.0,0.11654002163138456,0.5086930386604518,0.4023323313766344,0.6671223607965182,0.9473490285149707,0.10023557206324812,3
0.0,0.33777997595603754,0.805201697100379,0.0,0.13449743249154467,0.0,0.1475409836065573,0.1851851851851851,0.9963216878620682,0.09955805546983552,3
0.08,0.592621554840813,1.0,0.0,0.18540113127322094,0.045548210931833026,0.3455943722153297,0.6008677528553367,0.34752245775186874,0.0,3
0.0,0.5073074997789049,0.2333333333333333,0.0,0.0,0.08254378681059862,0.20138124156459825,0.80635318820721,0.1683231127088179,0.0,3
0.38,1.0,0.9826216899438733,0.0,0.062486010850613,0.0,0.42993099091731257,1.0,0.24755652882790646,0.22907955459547963,3
0.07,0.8822877218190789,0.757342545632471,0.0,0.0,0.0,0.40893667799636585,0.9119228065234748,0.5620959411793326,0.0,3
0.15,1.0,0.7967960562758565,0.0,0.19950945744992124,0.15348923443846854,0.17536371383021454,0.9866242276816538,0.1683231127088179,0.05547959910101461,3
0.66,0.8252360739338077,0.8747512258495955,0.0,0.0,0.3271239160235238,0.537956823235816,1.0,0.1683231127088179,0.0,3
0.11,1.0,0.7451066043580024,0.0,0.0,0.11351748712058501,0.1475409836065573,0.7090776609246698,0.5827799845993614,0.04717313577908608,3
0.12,0.48848758759537214,1.0,0.0,0.18196430249755574,0.07996697667987848,0.1475409836065573,0.600148988878364,0.6476260890688746,0.0,3
0.12,1.0,0.924955383654027,0.0,0.23820931747882085,0.0,0.5886130663430027,0.7481859633617342,0.3831834271823976,0.0,3
0.03,0.8266383620241449,0.7628887185802028,0.0,0.0,0.060508468640738375,0.2829998807800725,0.44424668397572825,0.36209058207991507,0.01070168043365987,3
0.0,1.0,1.0,0.0,0.09636214602696173,0.04727424886324168,0.1475409836065573,0.44094546020717273,0.5662327886421782,0.1523033096674515,3
0.57,1.0,1.0,0.0,0.09227576199976667,0.0,0.1475409836065573,0.9037569156130035,0.27024822549783445,0.0029387815286021565,3
0.11,1.0,1.0,0.0,0.24420544953995613,0.0,0.1475409836065573,0.5519409035837128,0.40044576311486696,0.0,3
0.52,1.0,0.9942024964557304,0.0,0.0,0.0,0.1475409836065573,1.0,0.4825072043708311,0.09495493139344388,3
0.0,1.0,0.9190561393128898,0.0,0.0,0.1399829952956146,0.2588970013341908,1.0,0.7745906541961634,0.010820445426080655,3
0.06,0.35566444248747286,1.0,0.0,0.1730024719380694,0.29681295600751995,0.3441515675650581,0.7174194483598773,0.19368240509037038,0.0,3
0.0,0.9853747096755704,0.478971358048464,0.0,0.0,0.0,0.1475409836065573,0.8038037411025523,0.4341240738735719,0.0,3
0.0,1.0,1.0,0.0,0.0,0.3947078532954732,0.31850915908071575,0.789286630229303,0.5075629883814503,0.10563098294134374,3
0.02,1.0,1.0,0.0,0.0,0.0,0.1475409836065573,0.5346933052885793,0.1683231127088179,0.07674504067890332,3
0.12,0.0,0.9105375026324245,0.0,0.09032840998808582,0.40611122491727497,0.312163881375353,0.8557281795696758,0.4251723923327508,0.0,3
0.75,0.22628108806071304,0.265950546401442,0.0,0.05344486276095472,0.04360042697430381,0.1475409836065573,0.6310428697015108,0.8481005598335462,0.0,3
0.59,1.0,0.8953901910745306,0.0,0.0,0.2709200590293592,0.4036874082331388,0.8630097617404932,0.4599356316205108,0.08744291155956067,3
0.1,0.5679150326269101,0.9857001610071725,0.0,0.21617177716760694,0.5006328978769259,0.1475409836065573,0.6766558523209785,0.1683231127088179,0.0,3
0.0,0.5044449835544023,0.4287650122219591,0.0,0.019240049407010504,0.5110136304732136,0.48369425019562273,0.7893072695763386,0.4180035033231131,0.06850480439419057,3
0.75,0.12878519636932906,1.0,0.0,0.03352375824832117,0.14528675303493194,0.1475409836065573,0.46825237525697166,0.2690809824180356,0.0,3
0.0,1.0,0.31147235467807893,0.0,0.18065417459688357,0.03757745912627219,0.42695381566054574,1.0,0.49744771543491717,0.01772978609683702,3
0.16,0.5591217703154651,0.9201559015705211,0.0,0.030076284208227985,0.0,0.1475409836065573,0.8321625633210581,0.1683231127088179,0.05311468388374069,3
0.04,1.0,0.5845122756315253,0.0,0.009309242029991283,0.0,0.6916805879173796,0.512990563388023,0.1683231127088179,0.048846067244020186,3
0.44,1.0,0.8509601992752556,0.0,0.05373960513077059,0.0,0.23070900300961192,0.7808297861356212,0.769900805934843,0.26835216571866094,3
0.01,0.48242302051282804,1.0,0.0,0.0,0.0515697079951743,0.27975935718724987,0.49943401725610526,0.6282775420358739,0.0,3
0.41,0.028318074348457983,0.7166040995973484,0.0,0.01805378547294527,0.14705208398870517,0.4948203783631975,0.7655399319483606,0.52810371651985,0.021916438864448134,3
0.19,1.0,0.7613112754095095,0.0,0.1173167916591476,0.0643444950098889,0.1475409836065573,0.8931696236961499,0.37577567344549967,0.10600276900457403,3
0.0,1.0,1.0,0.0,0.0,0.056568587929586626,0.29627388347285877,1.0,0.5070549209478789,0.0,3
0.44,1.0,0.8644314095402693,0.0,0.030381549409043182,0.0417316940890162,0.1475409836065573,0.356283885500398,0.1683231127088179,0.0,3
0.02,0.8603261669543404,0.4254371903578317,0.0,0.0,0.15990510562204296,0.3134309067731467,0.8049010663866107,0.2993032712632594,0.16741509155263246,3
0.62,0.556528353511559,0.9224919245784122,0.0,0.10416950809023956,0.4625032547108878,0.1686332657206437,0.6566997857580898,0.5470659907605709,0.08253087629008772,3
0.43,0.8022929375453831,1.0,0.0,0.025648608138354026,0.0,0.2917250108955945,0.3811282042799399,0.2605667261908401,0.009915090567694011,3
0.15,0.9185787153426871,1.0,0.0,0.0,0.0,0.5806905444415035,0.4404187974661503,1.0,0.27960577224903493,3
0.4,0.4643736789896773,0.8093815876798357,0.0,0.22550470989319948,0.016207516329546506,0.5027804260153144,0.5241030596218896,0.26568033668787516,0.07600649231844192,3
0.01,0.9994485148694615,1.0,0.0,0.2982104225106206,0.056378139397459504,0.21308373104631953,0.8501403073972587,1.0,0.011438678940987435,3
0.0,1.0,1.0,0.0,0.3247938000380861,0.8888888888888888,0.1475409836065573,0.7224151458340148,0.46523985304173987,0.030152939612855187,3
0.2,1.0,1.0,0.0,0.0,0.21476355767206007,0.19029003132256267,0.8682876843157616,0.9864854351314708,0.0,3
0.06,1.0,1.0,0.0,0.08042242759969179,0.08892496702417432,0.1475409836065573,0.9406368360117957,0.4320434081471406,0.0,3
0.0,0.3904120469683148,1.0,0.0,0.0,0.21464597893781343,0.344706905532563,0.9487920991987934,0.7778709433336769,0.031936661941822035,3
0.75,0.43809653897156,1.0,0.0,0.0,0.0,0.2726443987731435,0.7640783632624515,0.1683231127088179,0.0,3
0.11,1.0,1.0,0.0,0.17981402352175035,0.0,0.337352430008379,0.9100764577719981,0.326333518684212,0.16305257083124602,3
0.06,0.542154491505495,0.9364885728405952,0.0,0.20329638783674664,0.2270959575254835,0.2510277241227695,0.3365742460666986,0.3292284107849127,0.04351538576470488,3
0.72,0.38617657358845575,0.8209368625621241,0.0,0.0,0.07549332540058146,0.5194386295058553,0.7754121629054178,0.25537470487960723,0.038037177826350715,3
0.06,0.9007668694255491,0.9155245679245334,0.0,0.0,0.3592882039137611,0.243894884641341,0.7570486632721232,0.19725522886951108,0.057388425807397975,3
0.0,0.8625137910397591,0.795694278321187,0.0,0.195564278634632,0.0,0.4592255228549973,0.7361299149266706,0.1683231127088179,0.0,3
0.34,0.6171060086975808,0.8134144071851634,0.0,0.15974577980333685,0.0,0.1475409836065573,0.8256733626489314,0.1683231127088179,0.0,3
0.0,0.16565741321309269,1.0,0.0,0.0,0.03186763096982481,0.6245265692338233,0.9474939253435827,0.3445069117540823,0.051896678420401555,3
0.04,0.34791544727359913,0.25576710079478293,0.0,0.21349649076201627,0.0,0.1475409836065573,0.46856076214236575,0.20241969135188315,0.0,3
0.0,0.48719074979666477,1.0,0.0,0.0,0.0,0.1475409836065573,0.3625407523288113,0.17166589972753227,0.04832416928283352,3
0.01,0.3739267828316134,0.9000539740427379,0.0,0.19666680454736452,0.0,0.6880364149958553,0.7424142880490499,0.6353842168600956,0.0,3
0.62,0.3839721587181284,0.9660615035853429,0.0,0.12378656468836743,0.1566646857216102,0.1475409836065573,0.1851851851851851,0.27943320053925585,0.10808930561105554,3
0.48,1.0,1.0,0.0,0.35,0.20857558112609376,0.1475409836065573,0.4731833084367655,0.7969076050839601,0.04809269343568549,3
0.41,0.5806782048270506,0.9167046629376792,0.0,0.002790570539237744,0.024909757362251095,0.32048237662112194,0.7500875557386095,0.1683231127088179,0.029321253273561068,3
0.15,0.4324561462130933,0.8666972678824275,0.0,0.29750746131422323,0.0,0.1475409836065573,0.6797752046791976,0.4275726732573117,0.0,3
0.0,1.0,0.860433074941753,0.0,0.13082896450177006,0.0,0.4046250012347947,0.5593578737100844,0.4371527012666712,0.0,3
0.04,1.0,0.9723843020221052,0.0,0.35,0.3484380836498938,0.1475409836065573,0.7324729255477551,0.6851187705370708,0.011910096607493766,3
0.12,0.5617795090696209,1.0,0.0,0.02036691379658595,0.6089632670722833,0.2400435398371769,0.3829460584105092,0.1683231127088179,0.04501398680186846,3
0.5,0.18398143463736025,0.8989659120366962,0.0,0.14155140548588718,0.3485889733842584,0.1475409836065573,1.0,0.1683231127088179,0.11188764035622807,3
0.0,1.0,1.0,0.0,0.35,0.46678636469169543,0.1475409836065573,0.36683390337260524,0.4280374376530389,0.0,3
0.0,0.7370922264519382,1.0,0.0,0.0,0.026337005964555182,0.38197464193042263,0.6797625489601821,0.8525848156122064,0.11087885794584514,3
0.07,0.0,1.0,0.0,0.0,0.0,0.45910682166624955,0.7585974357663405,0.6796769811814369,0.09278354026977592,3
0.45,0.40607613577527335,1.0,0.0,0.06598620536946984,0.0,0.5593972916878673,0.8441371582136541,0.7141983374555676,0.06297823236837216,3
0.02,0.38891943188028655,0.8806050658475507,0.0,0.10527703957690746,0.3766503567858531,0.261919727958842,0.6831886934035036,0.1683231127088179,0.0,3
0.09,0.586668857134069,0.9802839651596781,0.0,0.0,0.0,0.1475409836065573,0.7753138436278728,0.1683231127088179,0.08303450157657222,3
0.52,0.41669433932992317,0.40978475299140926,0.0,0.18704406545229013,0.0,0.1475409836065573,0.876404723637416,0.7957484797079719,0.001991870069701779,3
0.14,0.0,1.0,0.0,0.23762755248905879,0.3892888631873036,0.1475409836065573,1.0,0.27362961107086414,0.0,3
0.04,1.0,0.8334265716170555,0.0,0.1371678827767036,0.24933461080120817,0.1475409836065573,0.9476105222518358,0.1683231127088179,0.0,3
0.0,1.0,0.8709176565780113,0.0,0.006345160941671327,0.0038285180737845925,0.41668016356065124,0.5191837545257122,0.1683231127088179,0.11247214415536337,3
0.05,1.0,0.8630126043925512,0.0,0.1285274786306144,0.0,0.32246390827407134,0.6043363504331858,0.3275691934900846,0.0,3
0.26,1.0,0.8785879363343306,0.0,0.12948388830108268,0.0,0.46886544783586315,0.6525401743701156,0.3377380394038848,0.0,3
0.13,0.5380459563416464,0.7865565037824959,0.0,0.13369945973258177,0.6210874285753218,0.1475409836065573,0.6034200109158407,0.1683231127088179,0.01821945745643547,3
0.02,0.793379983983427,0.9639251499409002,0.0,0.2821786413943528,0.0,0.6002669812275679,0.23587534679043864,0.3633900222247981,0.0,3
0.16,0.6293661864847945,0.9009137771936826,0.0,0.0,0.33410308101184005,0.49415271673242767,0.7267358288426042,0.1683231127088179,0.0,3
0.0,0.7650885025074435,0.5847136463352129,0.0,0.15696798117670954,0.0,0.1475409836065573,1.0,0.1828226753656168,0.10406465381564503,3
0.1,1.0,0.8237984361187958,0.0,0.04004237818815738,0.24421148507442064,0.18177285954675831,0.8951203243701387,0.24556720019562644,0.061356165308514225,3
0.25,0.44487819933998995,0.25038776853204386,0.0,0.2182185934523375,0.0,0.1475409836065573,0.8325635673509622,0.7993691307229405,0.0,3
0.04,1.0,0.6275649758631896,0.0,0.0,0.0,0.1475409836065573,0.6634842779836372,0.606610508346288,0.0,3
0.26,0.08613088555775197,0.9199643387281425,0.0,0.0,0.0,0.17346787164667118,0.6499212363296055,0.1683231127088179,0.0,3
0.0,0.4166376047348145,1.0,0.0,0.004246929060771995,0.23192925882657006,0.29547860257204994,0.9265521502639374,0.1980352264544637,0.02060266101236523,3
0.11,0.44796920548105107,0.9496410841262979,0.0,0.13345991872942586,0.6278276797752513,0.1475409836065573,0.8984251099663076,0.20220441708553794,0.06889371892285663,3
0.0,1.0,0.7231722742789517,0.0,0.1813917780097245,0.208616902393439,0.5484217650360761,0.979089787838821,0.1683231127088179,0.0007776605550829097,3
0.54,1.0,1.0,0.0,0.0,0.0,0.1475409836065573,0.9251241076815464,0.9392409160039135,0.03978662100609541,3
0.0,0.5672110201765541,0.9542563538940744,0.0,0.15078085618881087,0.3589468267307264,0.3969608039692806,0.7895806125704118,0.2428081632972368,0.0,3
0.68,0.9587023385821027,0.865331763124038,0.0,0.12611055414590241,0.0,0.4005604801601676,1.0,0.5374169719635297,0.019859947493353267,3
0.13,0.4905301741793817,0.9127278584615627,0.0,0.0,0.0,0.1475409836065573,0.748875943920966,0.1683231127088179,0.0,3
0.01,0.28090527062988246,0.9221147549290158,0.0,0.0,0.0,0.1475409836065573,0.36566535437169323,0.1683231127088179,0.25998311114205025,3
0.0,0.2282889522020288,1.0,0.0,0.0,0.0,0.1475409836065573,1.0,0.3981961767620037,0.15790895140031758,3
0.05,1.0,0.8625004740973514,0.0,0.08431335712932544,0.0,0.4047792669773324,0.47745255352045135,0.48283347013999683,0.09662501627342002,3
0.1,0.3759908610401852,1.0,0.0,0.04918530067634807,0.0,0.1475409836065573,1.0,0.8215036530217539,0.07145045909478553,3
0.0,1.0,0.9846961692992681,0.0,0.1873194504526498,0.2954240546267839,0.1475409836065573,1.0,0.3554045671842194,0.05678274471718599,3
0.0,0.5977171519734721,0.6846899221816513,0.0,0.16852224615184544,0.06177889496566827,0.19833431128528445,1.0,0.5532988038179577,0.0,3
0.14,0.3250648627072368,0.9979736635328399,0.0,0.013531887213927285,0.39807075464120734,0.1475409836065573,0.971314504272247,0.44502620179657293,0.0,3
0.57,0.7544155157286689,0.6802479612482434,0.0,0.0,0.0,0.3468634332011019,0.9277344973357843,0.7917016492429374,0.10121911442729903,3
0.56,0.821487850510266,1.0,0.0,0.0,0.7673339403878321,0.8799265379604448,0.9123838289530917,0.7404975520400313,0.2205206388845649,3
0.03,0.06955071478341071,1.0,0.0,0.15947369728361843,0.25898477693667604,0.1475409836065573,0.8845926914613831,0.5843277256558709,0.0,3
0.05,0.5113736151090832,0.4403001035269568,0.0,0.05772529007934938,0.19503222402954956,0.4187972648677918,1.0,0.3808330029196173,0.0,3
0.14,0.4768442088460873,0.537659310269153,0.0,0.05237464638565673,0.3483247086976504,0.21161638785025683,0.7895699078344494,0.5124494582871428,0.0,3
0.1,0.4230620359545275,1.0,0.0,0.3113438177388368,0.5385174004608294,0.1475409836065573,1.0,0.19860470664409402,0.07079294654859719,3
0.01,0.7339356684801848,0.963089051343625,0.0,0.0,0.6634335278922716,0.5491412287744873,0.8761002675978116,0.1683231127088179,0.0,3
0.05,0.8168328754993155,0.974619795730137,0.0,0.21413273862752807,0.6186572627948395,0.2450488286785521,0.2601101758971045,0.1683231127088179,0.0,3
0.05,0.5794913984125728,0.3492887733440916,0.0,0.07294036934400303,0.22839473250434694,0.1475409836065573,1.0,0.1683231127088179,0.0,3
0.66,0.5135744186336302,0.5345172082912459,0.0,0.10583196899158322,0.0,0.41491953558325545,0.9690548038218064,0.48931657475612284,0.04810331079455166,3
0.36,0.6392074683996868,0.8453882805995981,0.0,0.0,0.7056214123744379,0.2405256550837802,0.9026544048213565,0.5298852325808879,0.0,3
0.02,1.0,0.48868065714296843,0.0,0.0,0.06941967117375686,0.1475409836065573,0.8663940242252468,0.1683231127088179,0.0,3
0.08,1.0,1.0,0.0,0.0,0.0,0.2799951340131706,0.5590310327070284,0.5258787450355881,0.0,3
0.75,0.8720985596057492,0.8102082421357115,0.0,0.2983416711461346,0.08285341027922591,0.3769237141569207,0.5281565991417655,0.32412607200399707,0.0,3
0.74,0.11519697263892878,1.0,0.0,0.02845926080898016,0.0,0.2504753958252749,0.9142557971925553,0.5380166447115613,0.08016784026758014,3
0.2,0.5148771381029895,0.5114757971316568,0.0,0.04342424079822291,0.0,0.21906673078373942,0.8672560506847679,0.89694362029783,0.26673498412841257,3
0.68,1.0,0.9851897333748421,0.0,0.11028213455188252,0.10362009686710667,0.22259648580454278,0.9430815718023264,1.0,0.0,3
0.07,0.2568694661991925,1.0,0.0,0.0,0.07356002002382898,0.20156868292877725,0.555031790200708,0.41336265858909643,0.12759927094480433,3
0.04,0.0,0.9416182608876328,0.0,0.2544922417765754,0.0,0.1475409836065573,1.0,0.25567849831107387,0.038976124948000616,3
0.01,1.0,0.9861902113621323,0.0,0.17197730462065033,0.0,0.3887595729605911,0.28284477604841396,0.22742829444067209,0.2046133462223713,3
0.03,1.0,0.914986343750741,0.0,0.26075942856101497,0.53990533738529,0.46381748152994007,0.914504727227635,0.8196340992995228,0.0,3
0.0,0.18532113805177905,0.8417307113521435,0.0,0.23366465304593842,0.0,0.3109132439622886,0.8759180303781529,0.36288518636121514,0.026575959893255112,3
0.27,0.1283376012327156,0.6961545145703777,0.0,0.04519512435409718,0.375254775592877,0.5755799011261314,1.0,0.1683231127088179,0.010704301445871478,3
0.1,1.0,0.7925884473041338,0.0,0.08195299849961643,0.6600011196862907,0.32615923717347056,0.7254714121283784,0.33353133670838564,0.0,3
0.75,0.1852154797201874,0.2803554492688522,0.0,0.0,0.0,0.1475409836065573,0.6583299732885303,0.17661263195036797,0.02308298210870828,3
0.01,0.7145220728844588,0.92265925404442,0.0,0.2588487453612151,0.8888888888888888,0.1475409836065573,0.9492780993456562,0.5383845363337473,0.007016630656525462,3
0.08,0.4565726545172164,1.0,0.0,0.03772192963425629,0.8743930755351927,0.23497758469255653,0.3905737603774469,0.8899127839580955,0.010097693777084929,3
0.11,0.902627612791789,1.0,0.0,0.1600927496962694,0.07926281012106835,0.1475409836065573,0.8877426049422962,0.5826936176598523,0.031847530957009866,3
0.11,0.38977310932205206,1.0,0.0,0.01713893067474087,0.0,0.32384312367336593,0.7919793462342164,0.48624902633408357,0.0,3
0.54,0.6074777608937022,0.8927485763781856,0.0,0.1719743855499567,0.0,0.4882515064877766,0.8844832310437715,0.1683231127088179,0.0,3
0.0,0.12888426722979052,0.2333333333333333,0.0,0.0,0.0,0.2482547037742734,0.7196150615841059,0.1683231127088179,0.0,3
0.14,0.7053553244866149,1.0,0.0,0.0,0.0,0.1475409836065573,0.6644893679767767,0.33481388220536945,0.058299566474925305,3
0.11,1.0,0.9222133143286105,0.0,0.07692747194280829,0.04345191016435889,0.44817453827872555,0.9312527102096322,0.7326552943287772,0.0,3
0.07,0.38076381324756087,0.7147413267113794,0.0,0.13072196090706134,0.05899837650857097,0.262616909965447,0.5086194639730517,0.2450344823461838,0.3203733173918222,3
0.5,1.0,0.887359523374945,0.0,0.10430840861367346,0.043264089517456056,0.23487623469520327,0.7802009791634363,0.7416281361898821,0.01812029762145978,3
0.39,0.7770826274607141,1.0,0.0,0.15549594795437563,0.0,0.2011895971167895,0.41712130019777277,0.17593146870193965,0.17206653191269694,3
0.74,0.5148487884504471,1.0,0.0,0.0,0.0,0.4819514703075948,0.9674473991526771,0.5152929037936287,0.0,3
0.06,0.6181207814115912,0.6224416996485089,0.0,0.09141746661270057,0.12587283852070316,0.24226367506940696,0.3419753372826097,0.622063119843291,0.0,3
0.23,1.0,0.9874059190458102,0.0,0.0006141810238063511,0.09930476952482886,0.6638229403919258,1.0,0.7067023230791473,0.17594654921800146,3
0.02,1.0,0.9362764539812132,0.0,0.0,0.05579990568828347,0.3903974778292045,1.0,0.1683231127088179,0.22828614719710755,3
0.16,1.0,1.0,0.0,0.18740451591010365,0.481404866822442,0.34308805346432153,0.6530446831851533,0.1683231127088179,0.0,3
0.08,0.44358366715617814,1.0,0.0,0.08252533450440619,0.03598007880662436,0.36932713444834697,0.8928226310918217,0.44074053245683786,0.013745862598478504,3
0.75,0.44899946243912947,0.9274613196990027,0.0,0.1626946147078574,0.0,0.1475409836065573,0.638342023555221,0.9199733391885414,0.04383210176295197,3
0.0,0.044660672681825636,1.0,0.0,0.2728738941328086,0.18668714310083817,0.1475409836065573,0.6664567803608651,0.2899283057590818,0.06045589431002079,3
0.0,0.47298324496332056,0.5256039821982726,0.0,0.35,0.35756334100885745,0.1475409836065573,0.7066481222652897,0.2740024566898422,0.0,3
0.53,1.0,0.7940670283593501,0.0,0.012417949216871532,0.15500607846176825,0.1475409836065573,1.0,0.40679071811399015,0.0,3
0.02,0.49202280103075124,1.0,0.0,0.0,0.0,0.3650131944878984,0.4734382743256657,0.7064080821685663,0.0,3
0.13,0.6648896186146527,0.9965436882681425,0.0,0.0,0.17901553015599844,0.1475409836065573,0.7061728011835597,0.8433570287315791,0.0,3
0.07,1.0,1.0,0.0,0.0,0.4485016745543592,0.5804942029579291,0.6595207147216714,0.40684120816348845,0.0,3
0.07,0.9867991052375656,0.9389133310359437,0.0,0.0,0.051060208171567145,0.318891368017345,0.8211779896445992,0.3904249489590939,0.0,3
0.16,1.0,0.8218981454100368,0.0,0.0,0.41435191338241917,0.24076621875494592,0.7364653813284878,0.1683231127088179,0.0,3
0.11,1.0,0.7623119535624131,0.0,0.21344952143246693,0.1647434176365205,0.21457932830455975,0.9387988046091245,0.7023200944281598,0.17960093356846732,3
0.0,0.9646165015499534,0.9244525132868452,0.0,0.0,0.33668093809814037,0.36578904735310463,0.984815255658142,0.4964010551576643,0.0656137616463151,3
0.28,1.0,1.0,0.0,0.0,0.5574671253721324,0.1475409836065573,1.0,0.20551403595226597,0.15033987785463726,3
0.13,1.0,0.31560590965301344,0.0,0.036188960005709786,0.0,0.2872533116038647,0.3479444854523478,0.4757286308475286,0.0,3
0.07,0.39035955893941676,1.0,0.0,0.0,0.1388518539012352,0.15298615530959117,0.672969328652555,0.31500836532345355,0.0,3
0.08,1.0,1.0,0.0,0.030463985769713375,0.0,0.37199195233622173,0.322325074477882,0.7297952385525511,0.0,3
0.65,1.0,0.9073974663976577,0.0,0.13031337316922775,0.14859000191868274,0.23385005362319794,0.5833509541962641,0.5199350217662208,0.0,3
0.03,0.5691004010034217,0.8994287651900899,0.0,0.08814000427601879,0.49570710063752277,0.28351416129167545,0.1851851851851851,0.3530668494546333,0.0,3
0.58,0.7918976384073582,0.6613953261769834,0.0,0.15814327443118117,0.0,0.4498877977909183,1.0,0.1683231127088179,0.0,3
0.58,0.35232268896317775,1.0,0.0,0.18562773621806017,0.03954536183222498,0.16883003828971857,0.9091369054069454,0.6260133392919534,0.007790615562613873,3
0.04,0.6779877456118029,1.0,0.0,0.06198931454023713,0.2029464443510075,0.1475409836065573,0.4945455588706014,0.5309957002075611,0.0,3
0.08,0.38472438910448903,1.0,0.0,0.31868171707615356,0.5146103996307754,0.1475409836065573,0.7236530959228754,0.22075916126659567,0.0,3
0.02,0.08688898585142324,0.4580357903456522,0.0,0.0,0.17146397106510605,0.3740409892842625,1.0,0.7016752023212809,0.05142516359568393,3
0.17,0.44499569159293334,0.9074305708333821,0.0,0.1019869479702783,0.0,0.16796048494955565,0.4217922424237631,0.1683231127088179,0.05052784703166892,3
0.04,1.0,0.9989495665792573,0.0,0.1505182622598129,0.049227984451956586,0.2199320002117413,0.9499739841957067,0.20487134131297913,0.01817250518595508,3
0.13,0.2765298340743543,0.5897112176863767,0.0,0.0,0.0,0.5477201913459349,0.7824274615603146,0.686377337784741,0.18307810779433042,3
0.0,1.0,0.36977095022101253,0.0,0.0,0.2932882973754352,0.43777398089415226,1.0,0.1683231127088179,0.0,3
0.01,0.4061964982834949,0.9610548600293332,0.0,0.0,0.22492375273242138,0.3587535927805197,0.4393637841270563,0.1683231127088179,0.08326315325912917,3
0.02,0.607966127771275,1.0,0.0,0.0,0.5383982479387686,0.4694116690887676,0.7767717157143128,0.4679449873527235,0.0,3
0.04,0.6910981092623312,0.5543387649328294,0.0,0.0,0.0,0.3776924024709184,1.0,0.2618999427052416,0.0,3
0.03,1.0,0.959364191580579,0.0,0.19059553058036077,0.0,0.1475409836065573,0.1943134007849564,0.19251624781808763,0.08691048757433584,3
0.15,0.5842018491958147,0.9052222591999692,0.0,0.0,0.0,0.24525102574017477,0.5737225704500165,1.0,0.0,3
0.46,0.7819391488446868,0.8309220424672206,0.0,0.3037778958064543,0.0,0.5722813595835703,0.9526646978759077,0.8673645689956511,0.0,3
0.08,0.07493072598211553,1.0,0.0,0.016785781115593743,0.12657575569703888,0.24610458401208019,0.29120399397695107,0.4724239627460228,0.0,3
0.14,0.24049784915027048,1.0,0.0,0.0,0.0,0.44297693141844713,0.6698928722506745,0.7581591032025838,0.0,3
0.51,1.0,0.9921875898368329,0.0,0.19774039106388275,0.0,0.1475409836065573,0.3925894082504406,0.4901641767852321,0.0,3
0.0,0.9207813067100467,1.0,0.0,0.1839014377618089,0.30192113999630626,0.24327580993885484,0.563599888461223,0.32886127858167413,0.0,3
0.59,0.0,0.6733562495250528,0.0,0.0,0.061008028249871116,0.1745987705715023,0.47657691189465673,0.7886460964086949,0.20634960697296126,3
0.06,0.1632470516448873,0.6748439155005505,0.0,0.25841105229765204,0.12245368588479008,0.1475409836065573,0.9420394901436666,0.6920682488707782,0.0,3
0.61,0.1781624037778525,0.9052742968327404,0.0,0.0,0.0,0.22255342215923402,0.7191559516312975,0.1683231127088179,0.0,3
0.35,1.0,0.7602513024475996,0.0,0.0,0.38964203754082544,0.19850010856496,0.5701501600370781,0.1683231127088179,0.04089771520993392,3
0.0,1.0,0.8610364406492677,0.0,0.0,0.0,0.505376566020105,0.3056869883176005,0.7091177148249738,0.0,3
0.07,0.5748571920240906,0.9413928430321831,0.0,0.07906826554982554,0.25918491786274844,0.2505996562207893,0.7362143719562068,0.9102184961690911,0.0,3
0.07,1.0,0.8993942323093598,0.0,0.0,0.0,0.5040962965436446,0.9216352879076435,0.6681581275155757,0.08477764039346711,3
0.0,1.0,0.9930421571303207,0.0,0.14273802705444139,0.0,0.1475409836065573,0.1851851851851851,0.1683231127088179,0.009493496234469982,3
0.29,0.5743158195306024,1.0,0.0,0.1340596395480793,0.0,0.6927583691267598,1.0,0.7474240991531013,0.0,3
0.71,0.7142163201172878,1.0,0.0,0.26062088547069917,0.0,0.6738947840420187,1.0,0.5617118933229899,0.0,3
0.05,0.36656896576945963,0.2333333333333333,0.0,0.09800236089514194,0.0,0.41221862172102663,0.9345288728307455,0.31264740614251113,0.28192015394162356,3
0.06,1.0,1.0,0.0,0.04772457321457038,0.0,0.5290361733934548,0.4549726079992326,0.1683231127088179,0.06548857818663359,3
0.55,0.35334622905337154,0.8481765586884643,0.0,0.0,0.1289299870649762,0.36176140429590165,0.48982002120766094,0.7024815565910586,0.06280561217545394,3
0.09,0.35732388528187303,1.0,0.0,0.1879121764562085,0.6449409332527283,0.1475409836065573,0.3654884823554306,0.5293481521119611,0.0217683155225996,3
0.4,0.2841631338856688,0.2333333333333333,0.0,0.15083257142468665,0.46842560298362435,0.3237800617022613,0.8385377855095553,0.2210955806286648,0.0,3
0.62,0.7013846778474015,0.630663644881822,0.0,0.0,0.24450337428240881,0.38147694024869244,0.9523504869210375,0.5027124470708884,0.0,3
0.03,0.5940002419683129,1.0,0.0,0.0,0.05199119235002683,0.33867070322093434,0.35682683638283097,0.2690402387836222,0.0037730918927656037,3
0.04,0.7839826456796225,0.9211700529798359,0.0,0.16325141616590397,0.0,0.5464058296168564,0.5169180912228728,0.6420265344664086,0.0,3
